"","1A","1B","1C","1D","1E","1F","1G","1H","1I","1J","1K","1L","2A","2B","2C","2D","2E","2F","2G","2H","2I","2J","2K","2L","Cond1_M","Cond1_SD","Cond2_M","Cond2_SD"
"wBots",27,20,23,22,19,18,15,21,15,16,14,14,18,22,21,21,23,18,21,15,16,16,16,10,18.6666666666667,4.0973014031041,18.0833333333333,3.72847356856866
"woBots",13,20,20,20,19,16,15,16,15,14,13,11,13,19,18,18,17,15,15,14,12,13,10,10,16,3.10424928708434,14.5,3.06000594176488
